index,tweet_id
2543,1266165403501420544
2543,1266087560188739590
2543,1266015283900186624
2543,1266012935433998342
2543,1265946885686206465
2543,1265911001372901376
2543,1265743864436064261
2543,1265018321902108676
2543,1264949516014419968
2543,1263829849291948032
2543,1263327486072500224
2543,1263130009146920960
2543,1263125823315468291
2543,1263124879123058688
2543,1263116668097748992
2543,1261855600230580225
2543,1261561038106791936
2543,1261512975157870593
2543,1261199773480087552
2543,1260036810006319106
2543,1259869026559418370
2543,1259141335535292418
2543,1258969968844197895
2543,1258969963773210624
2543,1258969289081729024
2543,1258965259379003393
2543,1258963188978274305
2543,1258962574537895936
2543,1258960176696242182
2543,1258956920595058690
2543,1258954951323238405
2543,1258953605266079745
2543,1258952352616329219
2544,1278413477774626816
2544,1278326608177147904
2544,1278199167374876672
2544,1278077836314546176
2544,1278013127850950662
2544,1277975968028569607
2544,1277849382176436233
2544,1277713482557935616
2544,1277681291476033539
2544,1277552953637781504
2544,1277404800041222144
2544,1277230530140962817
2544,1277070326443257857
2544,1276812484574355456
2544,1276708895914962944
2544,1276702037690822656
2544,1276638292956479488
2544,1276604286714011648
2544,1276123418060967936
2544,1275508725911113728
2544,1275438818833776640
2544,1275130397664276481
2544,1275097848804184064
2544,1274975099569999872
2544,1274949876237824001
2544,1274929810779840519
2544,1274768696662208512
2544,1274767520696799232
2544,1274609113335336960
2544,1274568900751921153
2544,1274568736205238276
2544,1274528121966878722
2544,1274214115800748033
2544,1274052016113770496
2544,1273584516247011328
2544,1273489383568453634
2544,1273299378464120832
2544,1273278010368524288
2544,1273276860236009472
2544,1273239306098716672
2544,1273077227412914179
2544,1273036409725751300
2544,1272945975246684162
2544,1272943640596414469
2544,1272701905764888577
2544,1272545716536332288
2544,1272319536872558593
2544,1272076401202659334
2544,1271271973809725445
2544,1271198918047563783
2544,1270674911623667718
2544,1270401121476100096
2544,1270301871199211536
2544,1270035073983819781
2544,1270022773272907783
2544,1269748299411718147
2544,1269662928111796224
2544,1269627235776040961
2544,1269599547665182720
2544,1269534369640673280
2544,1268981158953603074
2544,1268174568021204992
2544,1268168821635874816
2544,1267798622323609600
2544,1267757809598431235
2544,1267323019703332864
2544,1266879561981140992
2544,1266461472579899392
2544,1266386060617175042
2544,1266296674101547008
2544,1266271861458890754
2544,1266189492811116545
2544,1266159144060416004
2544,1265911154053992451
2544,1265620612015288321
2544,1265261377062649857
2544,1265049929031901184
2544,1264986908121128968
2544,1264577843989606400
2544,1264519085385297923
2544,1264493514626400256
2544,1264260916725628928
2544,1264160276041121793
2544,1264133578364985344
2544,1264069658434568193
2544,1263945478590300160
2544,1263892169221378049
2544,1263831613638615042
2544,1263808756426694657
2544,1263751828035911680
2544,1263439014989828096
2544,1263190135912517635
2544,1263152578348625921
2544,1263135043662331911
2544,1263135026360864769
2544,1263132991875960836
2544,1263125169880682496
2544,1262949093065789441
2544,1262812191675174912
2544,1262731783877033984
2544,1262611604534816771
2544,1262495853454950400
2544,1261643319295295494
2544,1261570813448253440
2544,1261364734739136513
2544,1261317141271318528
2544,1261118444180836359
2544,1261096601914757120
2544,1261061333975515136
2544,1261001572710047746
2544,1260947423800614918
2544,1260717473160032257
2544,1260690683561758723
2544,1260600482554241025
2544,1260158109521076224
2544,1260142492005040128
2544,1259890783278243842
2544,1259869478000701442
2544,1259840454801199104
2544,1259804834850648066
2544,1259785862319091712
2544,1259685963246243840
2544,1259648805038813184
2544,1259643022154874881
2544,1259191124574396416
2544,1258701130361647104
2544,1258676162517073920
2544,1258595836747042816
2544,1258407606789509121
2544,1258401948283416576
2544,1258159284606640133
2544,1258111464281432064
2544,1258059816339193856
2544,1257930407200329728
2544,1257801051966771206
2544,1257723730077323276
2544,1257712858093273091
2544,1257632923680989187
2544,1257393352091320322
2544,1257058671583993856
2544,1256893136837775366
2544,1256786990038691840
2544,1256653109327269890
2544,1256642878127968256
2544,1256636202452692995
2544,1256489692826144769
2545,1275748479596294146
2545,1273299377004490752
2545,1273278015447818241
2545,1273276856150691840
2545,1270338368069603328
2545,1265946993693806592
2545,1263448903699042304
2545,1259966687023112192
2546,1278386637114769408
2546,1278026380572327941
2546,1275765219575296000
2546,1275536363505491969
2546,1275525298407247876
2546,1275511569133252610
2546,1275488298333614080
2546,1275141934194069505
2546,1275031496135512065
2546,1274588384636424192
2546,1272271541263380480
2546,1271201046988124161
2546,1270736368365428744
2546,1268607394499702784
2546,1268589538412310528
2546,1267863623239680000
2546,1266834795008573441
2546,1266435148909670400
2546,1266430890504224769
2546,1266391368030699524
2546,1266391362955599879
2546,1266210264791355392
2546,1266196913797423104
2546,1266185260364152833
2546,1266184624775950341
2548,1273352396572409856
2549,1270400311895764993
2549,1265658403084476417
2549,1265648003563560966
2549,1265582818337402880
2549,1265508050548527113
2549,1265508045347569665
2549,1265473104047988743
2549,1265472084291051520
2549,1265466029695623168
2549,1265465498357190662
2549,1262288449027158017
2549,1258686663850508288
2549,1258082875926339585
2550,1265963783664656384
2550,1265663340988293124
2550,1265560896484581379
2550,1265560891384266759
2550,1265473105436258307
2550,1265472090569945088
2550,1265469288715923456
2550,1265468029032443905
2551,1267818276748324866
2551,1267818270163210242
2551,1265970083169533952
2551,1265703699726372871
2551,1265678694296760321
2551,1265485448887054337
2551,1265473106853998593
2551,1265472098899824640
2551,1265470666574200832
2551,1265470578988929026
2552,1278451926305329153
2552,1273584526611165184
2552,1273281025733300224
2552,1273279429901312002
2552,1272582269669183489
2552,1267893769803874304
2552,1267893764581994499
2552,1267083057712050176
2552,1265978909918625793
2552,1265709420345995264
2552,1265709239185444864
2552,1265488215202545665
2552,1265487192132116481
2552,1265485450862608390
2552,1265473683755110400
2552,1265472208140488707
2552,1261307235382128645
2552,1259188144533983232
2553,1267335089568047104
2553,1267335084723638273
2553,1265985209255723008
2553,1265740095228981249
2553,1265709237323223041
2553,1265488216733421569
2553,1265487201841713152
2553,1265486963274059776
2553,1265485455459524610
2553,1265473687857160192
2553,1265472204021604352
2554,1268707417677795328
2554,1268142909913735169
2554,1268142904855482369
2554,1267355987121299457
2554,1266793099801608193
2554,1266785970579369985
2554,1266785957145014272
2554,1266785955219771392
2554,1266767922921385984
2554,1266758782731776000
2554,1266755021057769472
2554,1265862915556597760
2554,1265709235003777024
2554,1265488218243444736
2554,1265487212222840833
2554,1265485457447686144
2554,1265476714756362243
2554,1265474562113798145
2555,1278425913496133638
2555,1278385185805959168
2555,1277950013025529856
2555,1277644521929453568
2555,1277619378624835584
2555,1277612536423239681
2555,1277605257481248768
2555,1277584270924472322
2555,1277432186682118144
2555,1277172851108229120
2555,1276189734923100165
2555,1276163496422629377
2555,1276090500416667650
2555,1276044451115401217
2555,1275884296352362496
2555,1275857214096453632
2555,1275786174074929153
2555,1275575086683209729
2555,1275567345352794114
2555,1275541227140677638
2555,1275515735125700609
2555,1275424118763069447
2555,1275404537101156353
2555,1275258461102772224
2555,1275028665059946503
2555,1274105694640168960
2555,1273789116770115589
2555,1273692208080830464
2555,1273685822118584320
2555,1273257259296976896
2555,1273201296758247425
2555,1271567416540069888
2555,1271448388060491781
2555,1271298206001844224
2555,1271281669291425793
2555,1271225109232013312
2555,1271019373520658432
2555,1270705418772402178
2555,1270657514028314624
2555,1270455486257795074
2555,1270455478905122818
2555,1270454380207235075
2555,1270362461556944899
2555,1270331164285259776
2555,1270277815385153537
2555,1270274617844826112
2555,1270258452217114628
2555,1270184068886470658
2555,1270072538727460864
2555,1270064421273047040
2555,1270054659948830720
2555,1270045882881388544
2555,1270039462186110976
2555,1270026281015484423
2555,1270025738037506048
2555,1270024568711741440
2555,1270022121339551744
2555,1270021594023247874
2555,1270021353958080513
2555,1270019784428716033
2555,1270019207363809281
2555,1270018292359536642
2555,1270016909946339328
2555,1270016477945569280
2555,1270016027112411137
2555,1270015931461373952
2555,1269861494281220096
2555,1269648963365408768
2555,1269600282448715776
2555,1269381196888395776
2555,1269264554128596992
2555,1269222503039172609
2555,1269105403645685763
2555,1269042968180203520
2555,1269016312468197376
2555,1268789859113668608
2555,1268743659488509952
2555,1268618164029411328
2555,1268218556132589571
2555,1268190632415281152
2555,1267882125384208392
2555,1267820015274700802
2555,1267457939188731906
2555,1267403036693073920
2555,1267403031525634048
2555,1266763014541320193
2555,1266761719042498562
2555,1266730331362779136
2555,1266656246968586241
2555,1266058740488437762
2555,1265908942389075968
2555,1265488219681980417
2555,1265487220829536256
2555,1265486966625316866
2555,1265485460316590082
2555,1265476710163599360
2555,1265476075896934400
2555,1265257482483630080
2555,1264934733470892036
2555,1264175537771216898
2555,1263519535489060864
2555,1263486868722716676
2555,1263476331116990473
2555,1263447028245450753
2555,1263170328769056768
2555,1263144332950777857
2555,1263084600953147394
2555,1262898038739173377
2555,1262895165158686722
2555,1262803142837710848
2555,1262775496569499654
2555,1262736267588112385
2555,1262713064140521473
2555,1262438837399310336
2555,1262398390404595718
2555,1262376217405272066
2555,1262372372801347590
2555,1262337827947155456
2555,1262335878443270145
2555,1262335589711405058
2555,1262122470607335431
2555,1262062349386747906
2555,1261744261852205057
2555,1261692251228516352
2555,1261666968924495879
2555,1261638895713869824
2555,1261622462036484098
2555,1261528102502633473
2555,1261412449112244224
2555,1261392922269716480
2555,1261335789985837059
2555,1261310128801923078
2555,1261196962784829440
2555,1261191644507971586
2555,1261096426941145088
2555,1261095956323487746
2555,1261073694916476928
2555,1261029366173138946
2555,1261028446739861506
2555,1261021093118304257
2555,1261013224738172932
2555,1261007247880204290
2555,1261002221841416192
2555,1260999471648800769
2555,1260998865106415617
2555,1260970040196763648
2555,1260685662254178304
2555,1260681232368766977
2555,1260672817873518594
2555,1260598442751143936
2555,1260576545435013129
2555,1260531487797116929
2555,1260527130275975168
2555,1260348989737537536
2555,1260333686211448839
2555,1260330032859418624
2555,1260231016637181952
2555,1260188911323754498
2555,1259990149624029184
2555,1259441735110930434
2555,1259121136496828417
2555,1258894448131559424
2555,1258382638940905473
2555,1258335869200732161
2555,1258083620742475777
2555,1258078571823800321
2555,1258071731866152961
2555,1258059781878591488
2555,1257991639144058880
2555,1257840389270061061
2555,1257827173475315712
2555,1257805195133816837
2555,1257757319540232199
2555,1257646399841337344
2555,1257543098923511810
2555,1257437712782630913
2555,1257431742849449984
2555,1257356584637865985
2555,1257354859369639937
2555,1257323895989780480
2555,1257296588566933504
2555,1257225222522122240
2555,1257225220441673729
2555,1257225214179581952
2555,1257225211960872960
2555,1257225208852877313
2555,1257204564534624257
2555,1257049886425522177
2555,1257019414743879680
2555,1256995506183720962
2555,1256977368545202178
2555,1256924298213838848
2555,1256923194637914112
2555,1256677848208805891
2555,1256677278655959040
2555,1256656077145309185
2555,1256570674711351299
2555,1256543117983055873
2555,1256495406961364992
2555,1256273266081239042
2555,1256185655908065280
2556,1278387691990720512
2556,1278324707113263104
2556,1277969567621369857
2556,1277893476785377280
2556,1277686450553643008
2556,1277552469942448129
2556,1277486975969300486
2556,1276852980390690816
2556,1276810411988283393
2556,1276804105990594565
2556,1276464690080526336
2556,1276425078302007297
2556,1276401760047730688
2556,1275431204377034752
2556,1275429877081047041
2556,1275427584285659137
2556,1275261994166300672
2556,1275077119979040772
2556,1275013987692883975
2556,1275004727323815936
2556,1274714191593644034
2556,1274465598316183552
2556,1274343041147514888
2556,1274333232981573632
2556,1274249019213049856
2556,1274234404815040512
2556,1274203160928632839
2556,1274202630126854144
2556,1274202497150627846
2556,1274200588922675200
2556,1273762784866533376
2556,1273738891091234824
2556,1273609455603777540
2556,1273530551056470016
2556,1273507528849141760
2556,1272859810682359811
2556,1272772983036227585
2556,1272759979339124739
2556,1272749179757092864
2556,1272615056342003712
2556,1272431699302010880
2556,1272114475269787652
2556,1271693305399697409
2556,1271240837490520069
2556,1271066743042162692
2556,1270937676829519872
2556,1270785605979574275
2556,1270517438325460992
2556,1270390192508108800
2556,1270375544178311169
2556,1270298051463307270
2556,1270102168788447232
2556,1269963305159966722
2556,1269822675238649857
2556,1269748387550769156
2556,1269306301949054976
2556,1269288898489995264
2556,1268941080487178247
2556,1268803063659315200
2556,1268708920970940422
2556,1268574772486529025
2556,1268574769697316870
2556,1268416298888900613
2556,1268077482248265731
2556,1267976818780442624
2556,1267976813646618624
2556,1267768584392114176
2556,1267194289962057733
2556,1267067898146615297
2556,1266707071317217280
2556,1266652693512302593
2556,1266625030051426304
2556,1266482640510689281
2556,1266172868326539265
2556,1266158420060758018
2556,1266047406325395456
2556,1266031337372336128
2556,1266009420284166144
2556,1265801484282847239
2556,1265675565727723520
2556,1265636484381642753
2556,1265600403833589760
2556,1265581847297359872
2556,1265488222014132226
2556,1265487236780474368
2556,1265485465274195973
2556,1265481236010504192
2556,1265478146528346112
2556,1265220370010910720
2556,1265216116277862400
2556,1265153035203776514
2556,1264957835013754885
2556,1264808387130392576
2556,1264686405508378631
2556,1264625961678635009
2556,1263995977138147346
2556,1263521217002127360
2556,1263410474185568256
2556,1263289979989561347
2556,1263004378820218881
2556,1262875790993166336
2556,1262384624925388804
2556,1262313454586789888
2556,1261786089951551489
2556,1261361280880762880
2556,1261360460231663616
2556,1261292188194963456
2556,1261171761225314305
2556,1261119409591996416
2556,1260625711234256898
2556,1260590017396834306
2556,1260516667811119104
2556,1260473146219671552
2556,1260190590609874950
2556,1260173360664702977
2556,1259888633768808454
2556,1259887389704704000
2556,1259757042774020097
2556,1258822483521744900
2556,1258797886005022720
2556,1258763536186179585
2556,1258648981166587905
2556,1258437334002995201
2556,1258433291738329094
2556,1258391561685131278
2556,1258245442812424192
2556,1258112056026443777
2556,1257991013299359745
2556,1257913454993825792
2556,1257841377674592257
2556,1257826382060703744
2556,1257709027167014919
2556,1257626270550102018
2556,1257625832736129025
2556,1257441403367555072
2556,1256856661748322304
2556,1256645889575333890
2556,1256488135178870784
2556,1256282706364764161
2556,1256267660574306312
2556,1256169104601255940
2556,1256136880548175872
2557,1265938383441928197
2557,1265938378190618625
2557,1265837459432226817
2557,1265832206100029440
2557,1265488223159099392
2557,1265487245189971968
2557,1265485468688318468
2557,1265481240867508225
2557,1265480217239396352
2558,1265991235950518272
2558,1265991231034789888
2558,1265902952306413568
2558,1265770784276054017
2558,1265602341413273600
2558,1265488226271330305
2558,1265487253360578568
2558,1265485470902956038
2558,1265484264117661696
2558,1265483571504058368
2559,1278468222669520898
2559,1278457403894198272
2559,1278450982108704771
2559,1278448496182509569
2559,1278441604215382016
2559,1278438552645308418
2559,1278436465458900992
2559,1278432807954657280
2559,1278431649991143424
2559,1278425514206728195
2559,1278424556546461696
2559,1278421375699517443
2559,1278420264489893888
2559,1278418653759799296
2559,1278417601572585472
2559,1278414120564355072
2559,1278411491503415298
2559,1278410960999514115
2559,1278407696627073025
2559,1278406820927856641
2559,1278401746776227842
2559,1278391499567370242
2559,1278389203408052224
2559,1278387900267331585
2559,1278386821844492288
2559,1278384543397863425
2559,1278383703136235521
2559,1278374795005038594
2559,1278373021107908608
2559,1278370145681969155
2559,1278366089894821889
2559,1278360084448305154
2559,1278358906679549953
2559,1278356111704371201
2559,1278346631893733376
2559,1278345423061745665
2559,1278343993999360002
2559,1278337226842296321
2559,1278335760274460674
2559,1278333079967457280
2559,1278332701611827200
2559,1278327151377481729
2559,1278325669609517062
2559,1278304588597202944
2559,1278301049963646979
2559,1278295290433482753
2559,1278285137273389056
2559,1278278172820353024
2559,1278275236647956486
2559,1278271427007975425
2559,1278263937188929536
2559,1278259757820739584
2559,1278244531851296771
2559,1278243640507338754
2559,1278229355915808768
2559,1278225138970836993
2559,1278209835922685953
2559,1278200549934952448
2559,1278193223182086144
2559,1278178483366244352
2559,1278169395479666688
2559,1278152864251117571
2559,1278138840645955584
2559,1278134773911879681
2559,1278128205250146307
2559,1278127448115331075
2559,1278115741380694016
2559,1278101869299150857
2559,1278081465134092289
2559,1278079672035741696
2559,1278076603260710914
2559,1278074581253677056
2559,1278072996951928835
2559,1278070806497701895
2559,1278067711092953097
2559,1278067492645044224
2559,1278062570155507718
2559,1278061169681371136
2559,1278060330799816704
2559,1278052602417201152
2559,1278049699413590019
2559,1278048482302013442
2559,1278046909534482432
2559,1278046804924342272
2559,1278041271458816000
2559,1278039688704454657
2559,1278037838752145408
2559,1278033057287745536
2559,1278029825618243584
2559,1278029725194244096
2559,1278029720521715712
2559,1278029240416362496
2559,1278028464575205377
2559,1278025817600204803
2559,1278025022276284418
2559,1278022739417317382
2559,1278022072216596480
2559,1278018167202287618
2559,1278016218272796673
2559,1278009413614407680
2559,1278007680427319301
2559,1277993840134115328
2559,1277992879051415552
2559,1277988613591105536
2559,1277985579339317253
2559,1277984919977816064
2559,1277975341517074433
2559,1277970976722976768
2559,1277967840847396870
2559,1277966405590110219
2559,1277964230675726336
2559,1277959776312242183
2559,1277955047196971009
2559,1277954819248943104
2559,1277954176555921412
2559,1277953529676795904
2559,1277952529670770694
2559,1277949100126846977
2559,1277948934049103872
2559,1277947905706463242
2559,1277942498019729408
2559,1277936919117213696
2559,1277932170456203266
2559,1277927626364137472
2559,1277919675536605192
2559,1277917457542459392
2559,1277912400239484933
2559,1277899527903752192
2559,1277894120883859456
2559,1277879874640846850
2559,1277877689643302912
2559,1277872942123233283
2559,1277848845293170688
2559,1277833408303906816
2559,1277827480812847104
2559,1277811236395253760
2559,1277801031171260416
2559,1277778157559410690
2559,1277769458166071296
2559,1277766608753176576
2559,1277761578553585664
2559,1277761267005079554
2559,1277750738073063424
2559,1277723738793000968
2559,1277710568825241601
2559,1277691961751764997
2559,1277688357460590592
2559,1277688133480443904
2559,1277678722745802757
2559,1277677299920330752
2559,1277673633662398464
2559,1277671561819041795
2559,1277658942836027393
2559,1277650331686637576
2559,1277644799240216576
2559,1277636936665006080
2559,1277634643907481602
2559,1277631684511440896
2559,1277628097253310465
2559,1277624152082526208
2559,1277614818309156865
2559,1277614698884665345
2559,1277612780661534721
2559,1277603253019172867
2559,1277598656309481474
2559,1277587011625463808
2559,1277585681351655424
2559,1277580118777610241
2559,1277573316816011264
2559,1277569609751605249
2559,1277561209806639109
2559,1277546864414355456
2559,1277539730289307650
2559,1277526877255671814
2559,1277525643635425281
2559,1277520611007434757
2559,1277511300751306752
2559,1277495985145548800
2559,1277481568525864976
2559,1277481245560143874
2559,1277462474317426689
2559,1277446596704243714
2559,1277438254250328064
2559,1277401514915569664
2559,1277400713803546630
2559,1277390878919671808
2559,1277387424339877890
2559,1277382163063869446
2559,1277376379374485505
2559,1277373319520624641
2559,1277352690482208768
2559,1277346576009236480
2559,1277330216935927813
2559,1277323381529067524
2559,1277322244767662080
2559,1277315312447377410
2559,1277298627661234176
2559,1277290624014675968
2559,1277288481669160961
2559,1277285307763826689
2559,1277279935946768388
2559,1277277414222110721
2559,1277274097240748033
2559,1277271036510326786
2559,1277257020782055424
2559,1277256399987195905
2559,1277253515862257666
2559,1277252219377680384
2559,1277243741850480640
2559,1277239907048738818
2559,1277222873011310592
2559,1277220169484513280
2559,1277218432547721216
2559,1277217112889667584
2559,1277201436380745729
2559,1277200705573568512
2559,1277191883282882560
2559,1277188523574116354
2559,1277187053172768768
2559,1277184598317957120
2559,1277182129546432513
2559,1277173750535016448
2559,1277163045937131521
2559,1277160831285952513
2559,1277154632712835072
2559,1277151199834316803
2559,1277146032355360768
2559,1277145070190252033
2559,1277124155025096704
2559,1277076888012427264
2559,1277068497047044097
2559,1277064743253991425
2559,1277052777794076673
2559,1277050173039022080
2559,1277047578454921217
2559,1277037202866933761
2559,1277025646770892800
2559,1277004761984876544
2559,1277002381553815552
2559,1276995394883538948
2559,1276993426442027009
2559,1276990025473949698
2559,1276987264522993666
2559,1276972170405691392
2559,1276965873132032000
2559,1276958417056264197
2559,1276952609732116486
2559,1276952571089952769
2559,1276952041823154181
2559,1276951439420592131
2559,1276948633330552833
2559,1276948368359645196
2559,1276946412006264833
2559,1276943322284785665
2559,1276938402496217088
2559,1276938365162708994
2559,1276938345721942021
2559,1276931990940454913
2559,1276924660630925313
2559,1276921427308969987
2559,1276916597727379456
2559,1276905306367373319
2559,1276902043173572610
2559,1276900793233354754
2559,1276895913739382784
2559,1276889400153079809
2559,1276881902306238464
2559,1276881588748460032
2559,1276881104549695488
2559,1276880370802270211
2559,1276876889924218880
2559,1276875666709938183
2559,1276871756918206465
2559,1276867382309457922
2559,1276867290055745537
2559,1276863256192331778
2559,1276857500663414785
2559,1276856916422131712
2559,1276842021605519360
2559,1276840279262314496
2559,1276804867525275648
2559,1276802803764088832
2559,1276802796889600001
2559,1276798096718958593
2559,1276773122881073152
2559,1276770746015121408
2559,1276770573700530177
2559,1276752315970715648
2559,1276747562725322752
2559,1276747382689062912
2559,1276736035926372352
2559,1276725129716908035
2559,1276719644028686337
2559,1276716053410832384
2559,1276715602456072193
2559,1276714213428338688
2559,1276714068162670592
2559,1276688113574842368
2559,1276679014233636864
2559,1276674610898092038
2559,1276671846843375617
2559,1276651926814425092
2559,1276643493373452289
2559,1276642501185732608
2559,1276636459496140802
2559,1276635710498324480
2559,1276635361888751616
2559,1276626385209946113
2559,1276616484035452931
2559,1276615375136993288
2559,1276608774816649217
2559,1276605741231747072
2559,1276602984777027584
2559,1276601923072929795
2559,1276599320209481730
2559,1276596814028902407
2559,1276596460646281217
2559,1276594234406174721
2559,1276593867299618816
2559,1276593781337468928
2559,1276592115825496064
2559,1276590161464365062
2559,1276587493006204934
2559,1276586277194924034
2559,1276582387154063360
2559,1276575306636296192
2559,1276567519034314754
2559,1276565815471542273
2559,1276564186529697792
2559,1276563504645001216
2559,1276559783278055426
2559,1276559459289108481
2559,1276556983991250950
2559,1276554702545657863
2559,1276552019172626433
2559,1276547202412957696
2559,1276546817409368066
2559,1276545752723005440
2559,1276540388656820224
2559,1276538974035738625
2559,1276536619030511616
2559,1276529554241323009
2559,1276526039355789314
2559,1276525892920127489
2559,1276520070571634689
2559,1276519468710219776
2559,1276517938934296578
2559,1276516073794424839
2559,1276515844466577408
2559,1276515733757988866
2559,1276515208710762497
2559,1276513077588983809
2559,1276509078697791488
2559,1276501837038915589
2559,1276501112925884417
2559,1276494516476956672
2559,1276491715176783882
2559,1276486585475883012
2559,1276471166354575360
2559,1276468637034053637
2559,1276463896698564618
2559,1276462710562177025
2559,1276441205769830400
2559,1276436441246003200
2559,1276424850597228544
2559,1276421937762271233
2559,1276419111963287552
2559,1276408903396470789
2559,1276404442984742912
2559,1276403055668256768
2559,1276382932853313537
2559,1276377565742141441
2559,1276372511383408641
2559,1276365700651610113
2559,1276365164237873152
2559,1276360890070097920
2559,1276354875681456128
2559,1276354577130905600
2559,1276352354699243520
2559,1276338169974267904
2559,1276329636419510273
2559,1276303432136212481
2559,1276301764275437569
2559,1276295608886648832
2559,1276288611969875971
2559,1276287302109728768
2559,1276277143614488577
2559,1276270766011621377
2559,1276268331176083456
2559,1276266036225093634
2559,1276263734219091968
2559,1276261589734350848
2559,1276252721100840965
2559,1276251959742390282
2559,1276250460157075459
2559,1276249842625449984
2559,1276242745003085824
2559,1276237508439879683
2559,1276234716514050051
2559,1276232293938614273
2559,1276231555791413248
2559,1276229746234404868
2559,1276229734947569671
2559,1276226180128083975
2559,1276223222120419328
2559,1276220709438619648
2559,1276211185126440961
2559,1276207586719735809
2559,1276207527936561155
2559,1276207141087477760
2559,1276207027908460547
2559,1276201547953831939
2559,1276196853646794759
2559,1276192194874015753
2559,1276192175584350209
2559,1276190759516078081
2559,1276190256350535680
2559,1276188515924086784
2559,1276188379449831424
2559,1276187047414415367
2559,1276186263985557508
2559,1276183894560329730
2559,1276183578532032512
2559,1276183396008353794
2559,1276183376894980096
2559,1276182238011547653
2559,1276174365500071937
2559,1276172063586344962
2559,1276169325796192256
2559,1276167898818654208
2559,1276166013499912197
2559,1276156447878000640
2559,1276152463389872129
2559,1276144820319289345
2559,1276143704772755457
2559,1276140585296867328
2559,1276139117483565057
2559,1276139090115809281
2559,1276136850965528577
2559,1276132789839179782
2559,1276132693709914113
2559,1276130724056367112
2559,1276128748199464960
2559,1276127511424962560
2559,1276125065717911554
2559,1276119730970132480
2559,1276108576168316929
2559,1276105498329219076
2559,1276103989600215040
2559,1276100964148264963
2559,1276099417012088832
2559,1276090003853053957
2559,1276084547491377152
2559,1276075666400821249
2559,1276064038967967745
2559,1276055126780805120
2559,1276046654320377862
2559,1276045850293096450
2559,1276035496746115078
2559,1276017147634946048
2559,1276016927425454081
2559,1276010781658673152
2559,1276000511414677504
2559,1275997128662319106
2559,1275989432005472259
2559,1275981821923266561
2559,1275980532799508480
2559,1275970072054464512
2559,1275969535158468609
2559,1275968612616957952
2559,1275962900499308545
2559,1275958532441903105
2559,1275949038756659201
2559,1275940669819944961
2559,1275938404610400256
2559,1275927921950109698
2559,1275915771747729411
2559,1275914522897920000
2559,1275911558154027009
2559,1275906376808595456
2559,1275905297773670402
2559,1275903894950948864
2559,1275900847898144771
2559,1275900722371010561
2559,1275899633898790912
2559,1275899021018779648
2559,1275896594890702850
2559,1275896453983088640
2559,1275896073215762432
2559,1275892201072005120
2559,1275882050881499138
2559,1275881051588628482
2559,1275880387252813830
2559,1275877599810588673
2559,1275873871833567232
2559,1275872529433968641
2559,1275872213665828865
2559,1275865146754285570
2559,1275863734297268224
2559,1275859839567253506
2560,1277068341090213888
2560,1275896484001509376
2560,1273338437236666369
2560,1268080611513626624
2560,1266186519901020160
2560,1266115336887205889
2560,1266080527355961346
2560,1265686745154236418
2560,1265660821289537546
2560,1265620431257698304
2560,1265606622602301441
2560,1265583704031801344
2560,1265411936189124608
2560,1265401585565220864
2560,1265401584399249409
2560,1265390000448909314
2560,1265375936234557440
2560,1265338047878455296
2560,1265337460768346119
2561,1277991794349916166
2561,1277616447955615744
2561,1276232700911853572
2561,1275442243562659842
2561,1275136471226146817
2561,1274874244594352130
2561,1274035724334051328
2561,1273264643708944384
2561,1273083547989893120
2561,1271615882779750400
2561,1270687301224538112
2561,1270408419200155648
2561,1270170150201745409
2561,1270159609672728576
2561,1270080792681746433
2561,1269984549309747201
2561,1269018761639723014
2561,1269005415997718529
2561,1268673302144462855
2561,1268673256061571072
2561,1268413797460574213
2561,1268356190859214850
2561,1268292154373353472
2561,1268226570310868994
2561,1268175789570342915
2561,1267911597730590721
2561,1267910607975538688
2561,1267518865489215492
2561,1267493611035336705
2561,1267492494910128129
2561,1267479282856722432
2561,1267155890114670592
2561,1266115339974213632
2561,1266087456689934336
2561,1266001583130755074
2561,1265816732872081410
2561,1265447653351063554
2561,1265447648175239173
2561,1265440157584576512
2561,1265416451156054017
2561,1265412657236127746
2561,1265411742730989569
2561,1265407645755695104
2561,1265406043149996032
2562,1278478128311160838
2562,1278478029107462145
2562,1278477740530900995
2562,1278477218256007168
2562,1278476788394418177
2562,1278476513365692416
2562,1278476369953841153
2562,1278476355257004034
2562,1278476047269257217
2562,1278475977732034561
2562,1278474867654881280
2562,1278474751221084161
2562,1278474038864515075
2562,1278473817254432769
2562,1278473501763084288
2562,1278473323807215619
2562,1278472791289806848
2562,1278472733706330112
2562,1278471939217129474
2562,1278471803405565953
2562,1278471669066141696
2562,1278471468028846080
2562,1278471269470441472
2562,1278470886077628417
2562,1278470793467478018
2562,1278470498834427906
2562,1278470366348877824
2562,1278470317485293569
2562,1278469746975965185
2562,1278469731008294912
2562,1278469588901146624
2562,1278469221924683776
2562,1278469095466381312
2562,1278468866067378177
2562,1278468716846604289
2562,1278468654867324928
2562,1278468634180857856
2562,1278468531353518084
2562,1278468426072113152
2562,1278467782175227904
2562,1278467677011480581
2562,1278467418545778690
2562,1278467167797874695
2562,1278467017448853505
2562,1278466836355399680
2562,1278466598442094598
2562,1278466428690202630
2562,1278466417726291968
2562,1278466361187065862
2562,1278466299195203586
2562,1278466213107171338
2562,1278466170283327488
2562,1278466126616412161
2562,1278466024317255680
2562,1278466001936551936
2562,1278465992696315905
2562,1278465806477799426
2562,1278465775662174210
2562,1278465729860374528
2562,1278465643642335232
2562,1278465614663778304
2562,1278465539371868160
2562,1278465488998338560
2562,1278465477174583302
2562,1278465394081177601
2562,1278465323247730688
2562,1278465280138711041
2562,1278465240141832195
2562,1278465184244412417
2562,1278465139994497024
2562,1278464661588004864
2562,1278464555467800576
2562,1278464369232207872
2562,1278464229134290946
2562,1278464197458898945
2562,1278463930352963584
2562,1278463851286142976
2562,1278463460184141824
2562,1278463444556152834
2562,1278463401967128579
2562,1278463392924045314
2562,1278463062127845382
2562,1278462965856043008
2562,1278462915234930688
2562,1278462744954580998
2562,1278462725962817537
2562,1278462442494988289
2562,1278462437528711168
2562,1278462422748028928
2562,1278462134624518144
2562,1278461227354767360
2562,1278461213073043456
2562,1278461143879688192
2562,1278460969342173190
2562,1278460958503866368
2562,1278460923007700997
2562,1278460841042427904
2562,1278460276057280513
2562,1278459866898710530
2562,1278459668306821123
2562,1278459533866741760
2562,1278459206169960448
2562,1278458873607852033
2562,1278458866267820032
2562,1278458460401795072
2562,1278458451971227649
2562,1278458433264586753
2562,1278458108105363459
2562,1278457641463922690
2562,1278457576745848832
2562,1278457338169524230
2562,1278457227938914305
2562,1278457203490320385
2562,1278457142341562368
2562,1278456874954895361
2562,1278456460859461633
2562,1278456318760759296
2562,1278455926350123011
2562,1278455879688388610
2562,1278455814228004865
2562,1278455803893211138
2562,1278455770724667398
2562,1278455617590566912
2562,1278455329194258433
2562,1278455016467173383
2562,1278454604058038273
2562,1278454471312326656
2562,1278454244757078016
2562,1278454060375511047
2562,1278454049248096263
2562,1278453695538069504
2562,1278453595093061634
2562,1278453503363559428
2562,1278453412888293383
2562,1278453255102623744
2562,1278453208445259782
2562,1278453072130383872
2562,1278452967478194176
2562,1278452830525747200
2562,1278452422583693312
2562,1278452029791309826
2562,1278451864330272770
2562,1278451833233485825
2562,1278451827055431681
2562,1278451800299966465
2562,1278451544015417345
2562,1278451486285090817
2562,1278451480383684618
2562,1278451223318999043
2562,1278451082885201923
2562,1278450932074704896
2562,1278450365386698752
2562,1278449640271228929
2562,1278449585124409345
2562,1278449373240864768
2562,1278449336687431680
2562,1278449310280056840
2562,1278449064246489096
2562,1278448514100494337
2562,1278447779078168578
2562,1278447291247013890
2562,1278447139727826945
2562,1278447058832232453
2562,1278447034316578817
2562,1278446766233452547
2562,1278446628651794432
2562,1278446557432549377
2562,1278446424410243073
2562,1278446400892780546
2562,1278446348677910528
2562,1278446158113800198
2562,1278446140254453760
2562,1278445889217007618
2562,1278445815456059393
2562,1278445561620975623
2562,1278445529329000449
2562,1278445254593650691
2562,1278444890746245123
2562,1278444871431458818
2562,1278444849092575234
2562,1278444728267296769
2562,1278444686550675456
2562,1278444545622097920
2562,1278444520649248777
2562,1278444518908416000
2562,1278444364012888065
2562,1278444237332393985
2562,1278444068268376065
2562,1278443784485945345
2562,1278443617238089729
2562,1278443278149484544
2562,1278443027455979521
2562,1278442706520412160
2562,1278442431676112899
2562,1278442164553465856
2562,1278442074942078980
2562,1278442025864609796
2562,1278440997005950982
2562,1278440744370364416
2562,1278440589399404547
2562,1278439940884398081
2562,1278439478386995203
2562,1278439355422564353
2562,1278439150786674688
2562,1278439092640976896
2562,1278438227041374208
2562,1278438137182781440
2562,1278437857498202117
2562,1278437847532437508
2562,1278437811163709444
2562,1278437778217414657
2562,1278437659841638404
2562,1278437411442352138
2562,1278437204520587269
2562,1278437000136331264
2562,1278436988744601601
2562,1278436934734548992
2562,1278436344713351171
2562,1278436166698708992
2562,1278435760459395074
2562,1278435753828192256
2562,1278435451855044608
2562,1278435311580778496
2562,1278435293650173952
2562,1278435208103108609
2562,1278435144014192640
2562,1278434888551718914
2562,1278434823263203328
2562,1278434520459591680
2562,1278434397746876417
2562,1278434381812695040
2562,1278434348186959872
2562,1278434344693051395
2562,1278434338036690945
2562,1278434323746697218
2562,1278434242658263040
2562,1278434213587570696
2562,1278434162035298305
2562,1278434006414036993
2562,1278433977620221958
2562,1278433659910062080
2562,1278433533443309571
2562,1278432940926611457
2562,1278432760835837956
2562,1278432741244260353
2562,1278432673665552388
2562,1278432640815845377
2562,1278432486981357568
2562,1278432260262432769
2562,1278432099507339274
2562,1278431965822291976
2562,1278431965298003969
2562,1278431955365789697
2562,1278431893197905921
2562,1278431742307840003
2562,1278431636410032130
2562,1278431599814639623
2562,1278431511658848258
2562,1278431467027267586
2562,1278431263611895820
2562,1278431215511617543
2562,1278431107843862528
2562,1278431071516921857
2562,1278431034363777033
2562,1278430988440387590
2562,1278430809779777539
2562,1278430283914776580
2562,1278430220467437573
2562,1278430066318422019
2562,1278429443741147136
2562,1278429326380273665
2562,1278429084452827147
2562,1278429020498145280
2562,1278428672509317121
2562,1278428249081741313
2562,1278428232182829059
2562,1278428184397176834
2562,1278427977953443841
2562,1278427534414229511
2562,1278427523202854912
2562,1278427425026777090
2562,1278427218285334533
2562,1278427180972769283
2562,1278427042372104192
2562,1278426937380265984
2562,1278426920934391808
2562,1278426803057688584
2562,1278426692814622720
2562,1278426558752047109
2562,1278426429299064833
2562,1278426404095512579
2562,1278426399250935808
2562,1278426254392385536
2562,1278426232762388482
2562,1278425905245958145
2562,1278425677151318019
2562,1278425159796510724
2562,1278424605926068229
2562,1278424374597562372
2562,1278424291961376768
2562,1278424040894431232
2562,1278423192558804993
2562,1278423143477121025
2562,1278422965902770179
2562,1278422745097867264
2562,1278422462691020802
2562,1278422136584130560
2562,1278421916882284544
2562,1278421692809969670
2562,1278421544969080832
2562,1278421256937672704
2562,1278421237274939394
2562,1278421146543763456
2562,1278421024015605760
2562,1278420995590754305
2562,1278420963013451776
2562,1278420637745401858
2562,1278420617675628545
2562,1278420562256318465
2562,1278420294131167232
2562,1278420145396953089
2562,1278420085045030912
2562,1278420044670795777
2562,1278419697097224196
2562,1278419691489419269
2562,1278419571217760259
2562,1278419457925238785
2562,1278419251011911680
2562,1278418828599296001
2562,1278418667605090304
2562,1278418572512047105
2562,1278418331117260802
2562,1278418223596105728
2562,1278418083892387840
2562,1278417679301386247
2562,1278417545620451328
2562,1278417386710765568
2562,1278417315562840064
2562,1278417258235060224
2562,1278417169513156610
2562,1278416472784723968
2562,1278415625703100416
2562,1278415591381118976
2562,1278415307992961029
2562,1278414957780979712
2562,1278414595175022593
2562,1278414523330752512
2562,1278414420213993478
2562,1278414344682975234
2562,1278414089329405952
2562,1278414081523879937
2562,1278413917828636674
2562,1278413677956194304
2562,1278413677440520201
2562,1278413520057651202
2562,1278413242369404930
2562,1278413163638280192
2562,1278412985447469057
2562,1278412398869843968
2562,1278412386270171137
2562,1278412215327096833
2562,1278411812900204547
2562,1278411808294998016
2562,1278411700979544064
2562,1278411654804496384
2562,1278411648575983629
2562,1278411606020382720
2562,1278411498579206144
2562,1278411434402217984
2562,1278411365359779841
2562,1278411328302903297
2562,1278411315267108864
2562,1278411238758744065
2562,1278410829663256576
2562,1278410740425080832
2562,1278410624230289408
2562,1278410545394302978
2562,1278410506404073472
2562,1278410252640301063
2562,1278409706000789505
2562,1278409392619208704
2562,1278409269918920704
2562,1278408677414834177
2562,1278408455087206400
2562,1278408259326611459
2562,1278408232223080451
2562,1278408158680158208
2562,1278407655040659459
2562,1278406868784893953
2562,1278406794415673344
2562,1278406680146071554
2562,1278406123834540034
2562,1278406072257130503
2562,1278405842442706945
2562,1278405840492355584
2562,1278405838600732673
2562,1278405836604243968
2562,1278405756384161794
2562,1278405560094908418
2562,1278405511550033922
2562,1278404916118204417
2562,1278404911621976069
2562,1278404326684270592
2562,1278404283487203331
2562,1278404188926545920
2562,1278403990221357056
2562,1278403777024925697
2562,1278403678211198976
2562,1278403653485899781
2562,1278403577073897472
2562,1278403453715394565
2562,1278403088777445377
2562,1278403061409554432
2562,1278403004958486533
2562,1278402935152619522
2562,1278402544234975232
2562,1278402542364504065
2562,1278402518503038976
2562,1278402330589835265
2562,1278402167326552064
2562,1278401806721339394
2562,1278401539258843139
2562,1278401304520527878
2562,1278401196282306560
2562,1278401050983219201
2562,1278401009182597121
2562,1278400527861256192
2562,1278400315012890628
2562,1278400291650572289
2562,1278399474914725894
2562,1278399366148116480
2562,1278398446660173824
2562,1278398359942897664
2562,1278397863878365185
2562,1278397849718321152
2562,1278397554774941698
2562,1278397499607265280
2562,1278397479973646336
2562,1278397395450159107
2562,1278396619801661446
2562,1278396595432755202
2562,1278396406231949312
2562,1278396266259546112
2562,1278396013586219008
2562,1278395858657193984
2562,1278395802285756418
2562,1278395637797699585
2562,1278395583221207040
2562,1278395495145263106
2562,1278395289259454464
2562,1278395259966406660
2562,1278394938623844353
2562,1278394384652869633
2562,1278394265438236672
2562,1278394195502391297
2562,1278393421263015936
2562,1278393195403984901
2562,1278393056840970240
2562,1278392961357746176
2562,1278392693878591490
2562,1278392547992391683
2562,1278392497761333252
2562,1278392235122286592
2562,1278392013810020352
2562,1278391688139071488
2562,1278390733477679110
2562,1278390694327902208
2562,1278390455026069505
2562,1278390243138232322
2562,1278390160523030529
2562,1278390055703400448
2562,1278389908906946560
2562,1278389297599651841
2562,1278389245821026306
2562,1278389168595337216
2562,1278389115755651074
2562,1278389064249544711
2562,1278389003428016130
2562,1278388937002647552
2562,1278388920452100096
2562,1278388860658073605
2562,1278388650808672257
2562,1278388292577345536
2562,1278387887889879041
2562,1278387744960544768
2562,1278387741085007875
2562,1278386821706194946
2562,1278386818568687617
2563,1278372919371091976
2563,1278366322519420928
2563,1278211797137281024
2563,1278077772301324291
2563,1277713892307693568
2563,1277482073356267520
2563,1277432057501634561
2563,1277371360327712769
2563,1276394908413235206
2563,1276304318509899776
2563,1276203491900489729
2563,1276186420403736580
2563,1275876007266877447
2563,1275875351978221568
2563,1275532724158136320
2563,1275449996779769860
2563,1275198142561112066
2563,1275096533822824448
2563,1274764019166056448
2563,1274703457677709313
2563,1274432466951049217
2563,1274429914167611392
2563,1274425922494459904
2563,1274292978228527105
2563,1273780183925915654
2563,1273765984176762880
2563,1273701425831456771
2563,1273696537042980865
2563,1273640640102858758
2563,1273632031356805120
2563,1273444320079753224
2563,1273279628585472001
2563,1273279416873951245
2563,1272186772177301504
2563,1271738272717234176
2563,1271115780869033984
2563,1270484392171966467
2563,1270466246895702017
2563,1270007835393392640
2563,1269212749692837888
2563,1269209797351612420
2563,1268406613318254595
2563,1267848962511220736
2563,1267540685365956616
2563,1267453970114478087
2563,1267158810797445121
2563,1267090087805927426
2563,1267037755315544064
2563,1267027788223012865
2563,1266855547787268097
2563,1266531688886276098
2563,1266494273597276160
2563,1266479076036018180
2563,1266479014157393920
2563,1266478884926652416
2563,1266478757361172482
2563,1266452425759756289
2563,1266447630177099780
2563,1266443138551480322
2563,1266235227258548224
2563,1266208626240221186
2563,1266161828536684550
2563,1266133929678929920
2563,1266132819505491969
2563,1266100654239612929
2563,1265998505371451392
2563,1265711922525151234
2563,1265657848605954048
2563,1265621275407515661
2563,1265474611304595456
2563,1265353999361945601
2563,1265344178558509062
2563,1265297250848256000
2563,1265090118131560455
2563,1264760841666285568
2563,1264132527662522368
2563,1263910593850945536
2563,1263847599976652800
2563,1263648892220030976
2563,1263613407871172610
2563,1263454549597130752
2563,1263410768231440384
2563,1263138677812674563
2563,1262908462612144128
2563,1262384672757219328
2563,1262384160624304129
2563,1262106570328084487
2563,1261722211397877762
2563,1261716598915653633
2563,1261621340068442112
2563,1261375268796563457
2563,1261153911420919808
2563,1261105593986813952
2563,1261079728867377153
2563,1260668135419662342
2563,1260627770041917441
2563,1260616444229935106
2563,1260546586997927938
2563,1260459009481617408
2563,1260365885719576577
2563,1260354468425732097
2563,1260263148071743489
2563,1260262114410848256
2563,1260247319510990855
2563,1260213057323782145
2563,1260073286815363074
2563,1259890338463977472
2563,1259848035854700547
2563,1259598691033382912
2563,1259506374481977345
2563,1259028473630404609
2563,1258816584191217665
2563,1258728650322653185
2563,1258491352469458949
2563,1258433774519533569
2563,1258412592663584770
2563,1258188851660480513
2563,1258186200440922112
2563,1257880187762425856
2563,1257304281058668545
2563,1257029229020975104
2563,1257015731792703488
2563,1256980507385946112
2563,1256680636875710464
2563,1256373500757057536
2563,1256361531064844290
2564,1278429172499656704
2564,1278320045756645378
2564,1278065524434493441
2564,1278062635318157313
2564,1278046175296438272
2564,1278013675060768768
2564,1277974994362839040
2564,1277789082676891649
2564,1277787617812033538
2564,1277699788394450945
2564,1277393552696360961
2564,1277013324111233024
2564,1276953923933425666
2564,1276571645256269830
2564,1276457904497811456
2564,1276324177692295169
2564,1276218739424481280
2564,1276216338994823171
2564,1276183598627016704
2564,1276175889034653696
2564,1276168269699796993
2564,1276157448857038853
2564,1276154201597509632
2564,1276154190587473920
2564,1276153251591860225
2564,1276027800626085888
2564,1275829825958301696
2564,1275809015579267073
2564,1275466245664583680
2564,1275458903862640640
2564,1275426857803026438
2564,1275199424264916993
2564,1274778877055979521
2564,1274460693840961538
2564,1274244390903525376
2564,1274041338330320897
2564,1274025935919026177
2564,1273995384734601223
2564,1273992464756379650
2564,1273985646919548928
2564,1273676897168359426
2564,1273662565286137861
2564,1273279624718381058
2564,1273279412524527618
2564,1272907905625403393
2564,1272906823394381826
2564,1272567840982196230
2564,1271427075308691458
2564,1271215889594056706
2564,1271170358503256068
2564,1271125344280555528
2564,1270765419062685696
2564,1270428964880822272
2564,1270416854322941952
2564,1270399054476906499
2564,1270382633206247426
2564,1270363388246462464
2564,1270347234421485568
2564,1270341388178198531
2564,1270245840309764102
2564,1269652836356407299
2564,1268967572621361152
2564,1268940598062518272
2564,1268597290660499456
2564,1268544473912479746
2564,1268265355488755712
2564,1268166856835321857
2564,1268065358218436609
2564,1268065353571209216
2564,1268065346054914050
2564,1268065342892498944
2564,1268065340900216834
2564,1268065339239251969
2564,1268065328153726976
2564,1268065322025836544
2564,1268065315835072512
2564,1268065306817298433
2564,1268065305030467587
2564,1268065295882649600
2564,1268065294150500353
2564,1268065292275638273
2564,1268065287657701377
2564,1268065282989449218
2564,1267969545744134148
2564,1267926549396967424
2564,1267894644093968389
2564,1267891386029916160
2564,1267670758425333765
2564,1267561242643714048
2564,1267496252813574145
2564,1267334216502607873
2564,1267334214837514240
2564,1267334213067583490
2564,1267331025862103040
2564,1267153942938447872
2564,1266947882118197255
2564,1266882082644602881
2564,1266465648739266560
2564,1266433097479983104
2564,1266388178438549504
2564,1266354988416040960
2564,1266125904322850817
2564,1266084222109913090
2564,1266035250737496069
2564,1266014259223429120
2564,1266014108916125697
2564,1265795077953249280
2564,1265717111353212931
2564,1265545688168960002
2564,1265386432799158272
2564,1265380797017661441
2564,1265376552293994496
2564,1265372613209198594
2564,1265296675549085697
2564,1265270229451649024
2564,1264950013152702464
2564,1264890432510705669
2564,1264884109844926466
2564,1264716283297148928
2564,1264624824686690304
2564,1264612391435808768
2564,1264611463206969344
2564,1264602359755411462
2564,1264583201764397057
2564,1264579508293832714
2564,1264567103459385350
2564,1264566168343515136
2564,1264253635183214592
2564,1263968175521255425
2564,1263967103448567809
2564,1263967098339880960
2564,1263956669530284032
2564,1263915471600070658
2564,1263913564982644743
2564,1263913449538666496
2564,1263905710674284550
2564,1263905233228443648
2564,1263904786954534917
2564,1263904619438026752
2564,1263877285305888768
2564,1263853952900059138
2564,1263700869528371200
2564,1263543362285699074
2564,1263541084430295040
2564,1263537996051165185
2564,1263207706497896448
2564,1263191409718431749
2564,1263084464936300544
2564,1262820620947132417
2564,1262462535153987586
2564,1262397819308183552
2564,1261613064022929409
2564,1261462260716695553
2564,1261378918218477569
2564,1261359791793770497
2564,1261023505996550150
2564,1260971049660882951
2564,1260946087310917633
2564,1260612576498483201
2564,1260600282427404290
2564,1260568999542358017
2564,1260351816031666177
2564,1260342423294705665
2564,1260300817560530945
2564,1260275064013877249
2564,1260187990896320513
2564,1260169620369129478
2564,1259999506642333696
2564,1259992669402660869
2564,1259573114603802629